Employee ID,Employee First Name,Employee Last Name,Employee Position,Employee Department,Employee Hire Date
EMP051,William,Lewis,Analyst,Enterprise Technology & Performance,2018-10-15
EMP002,Mia,Campbell,Manager,Strategy & Analytics,2015-05-21
EMP048,Charlotte,Martin,Manager,Human Capital,2009-01-03
EMP019,William,Lewis,Consultant,Customer and Marketing,2022-09-03
EMP018,Noah,Gagnon,Analyst,Human Capital,2016-09-19
EMP101,Evelyn,Robinson,Consultant,Enterprise Technology & Performance,2018-09-08
EMP045,Henry,Brown,Consultant,Strategy & Analytics,2019-09-12
EMP055,Emma,Lee,Consultant,Enterprise Technology & Performance,2013-07-09
EMP003,James,Wilson,Analyst,Human Capital,2021-09-05
EMP072,Noah,Gagnon,Manager,Customer and Marketing,2016-12-14
EMP102,Olivia,Garcia,Analyst,Customer and Marketing,2022-02-14
EMP103,Alexander,Anderson,Analyst,Enterprise Technology & Performance,2019-07-20
EMP034,Henry,Brown,Analyst,Strategy & Analytics,2020-10-22
EMP029,Sophia,MacDonald,Analyst,Human Capital,2021-05-06
EMP038,Benjamin,Thompson,Consultant,Human Capital,2018-03-23
EMP057,Isabella,Chen,Consultant,Core Business Operations,2015-02-07
EMP023,Harper,Martinez,Partner,Core Business Operations,2010-02-14
EMP104,James,Wilson,Manager,Core Business Operations,2021-12-15
EMP059,Liam,Tremblay,Manager,Human Capital,2014-04-28
EMP105,Elijah,Roy,Consultant,Enterprise Technology & Performance,2020-10-28
EMP054,Elijah,Roy,Consultant,Strategy & Analytics,2020-06-09
EMP067,Amelia,Johnson,Consultant,Enterprise Technology & Performance,2017-01-26
EMP106,Harper,Martinez,Analyst,Customer and Marketing,2018-05-14
EMP052,Amelia,Johnson,Analyst,Enterprise Technology & Performance,2016-03-03
EMP060,Liam,Tremblay,Analyst,Core Business Operations,2016-03-18
EMP053,Ava,Taylor,Analyst,Enterprise Technology & Performance,2018-05-01
EMP107,Evelyn,Robinson,Consultant,Human Capital,2020-10-10
EMP069,Benjamin,Thompson,Partner,Customer and Marketing,2005-12-22
EMP031,Emma,Lee,Manager,Enterprise Technology & Performance,2016-09-01
EMP013,Lucas,Smith,Analyst,Enterprise Technology & Performance,2022-12-14
EMP108,Oliver,Clark,Manager,Core Business Operations,2022-01-16
EMP047,Emma,Lee,Consultant,Customer and Marketing,2022-09-11
EMP109,Lucas,Smith,Analyst,Strategy & Analytics,2018-02-24
EMP110,Ava,Taylor,Manager,Enterprise Technology & Performance,2009-05-13
EMP063,Emma,Lee,Analyst,Customer and Marketing,2017-03-21
EMP062,Harper,Martinez,Analyst,Strategy & Analytics,2021-05-10
EMP039,Alexander,Anderson,Consultant,Strategy & Analytics,2018-07-15
EMP010,Charlotte,Martin,Consultant,Human Capital,2019-03-08
EMP111,Evelyn,Robinson,Consultant,Customer and Marketing,2019-01-26
EMP058,Mia,Campbell,Analyst,Human Capital,2021-05-03
EMP025,Elijah,Roy,Manager,Enterprise Technology & Performance,2009-04-05
EMP061,Mia,Campbell,Manager,Core Business Operations,2012-03-08
EMP007,Benjamin,Thompson,Consultant,Customer and Marketing,2017-09-11
EMP112,Lucas,Smith,Consultant,Strategy & Analytics,2014-12-05
EMP017,William,Lewis,Manager,Human Capital,2010-11-08
EMP113,James,Wilson,Consultant,Customer and Marketing,2021-01-22
EMP036,Oliver,Clark,Partner,Customer and Marketing,2016-07-26
EMP008,Ava,Taylor,Analyst,Enterprise Technology & Performance,2016-02-28
EMP114,Harper,Martinez,Manager,Enterprise Technology & Performance,2008-10-22
EMP068,Elijah,Roy,Consultant,Enterprise Technology & Performance,2020-04-13
EMP021,Liam,Tremblay,Consultant,Enterprise Technology & Performance,2019-02-10
EMP065,Sophia,MacDonald,Consultant,Customer and Marketing,2017-06-20
EMP115,Oliver,Clark,Analyst,Human Capital,2022-06-13
EMP014,Liam,Tremblay,Analyst,Enterprise Technology & Performance,2020-12-27
EMP012,Olivia,Garcia,Analyst,Human Capital,2019-01-21
EMP006,Ava,Taylor,Consultant,Customer and Marketing,2017-01-12
EMP042,Mia,Campbell,Manager,Customer and Marketing,2010-01-17
EMP116,Henry,Brown,Manager,Customer and Marketing,2008-04-02
EMP035,Emma,Lee,Consultant,Strategy & Analytics,2016-07-05
EMP117,Olivia,Garcia,Manager,Core Business Operations,2008-08-11
EMP033,Amelia,Johnson,Analyst,Strategy & Analytics,2018-11-15
EMP073,Isabella,Chen,Consultant,Core Business Operations,2016-04-28
EMP024,Noah,Gagnon,Consultant,Core Business Operations,2021-02-20
EMP005,Oliver,Clark,Consultant,Enterprise Technology & Performance,2022-08-14
EMP001,Alexander,Anderson,Manager,Human Capital,2014-06-10
EMP016,Mia,Campbell,Analyst,Strategy & Analytics,2019-08-23
EMP118,Sophia,MacDonald,Consultant,Human Capital,2015-12-09
EMP050,Charlotte,Martin,Manager,Human Capital,2010-12-19
EMP032,Harper,Martinez,Consultant,Human Capital,2013-02-23
EMP037,Lucas,Smith,Analyst,Customer and Marketing,2020-05-05
EMP027,Benjamin,Thompson,Consultant,Customer and Marketing,2013-09-24
EMP040,Isabella,Chen,Consultant,Enterprise Technology & Performance,2016-08-03
EMP020,Amelia,Johnson,Consultant,Enterprise Technology & Performance,2022-08-26
EMP009,Liam,Tremblay,Manager,Customer and Marketing,2022-06-27
EMP119,Parker,Murphy,Manager,Human Capital,2018-03-05
EMP076,Taylor,Choi,Consultant,Core Business Operations,2017-03-03
EMP120,Blake,Perez,Consultant,Human Capital,2016-02-19
EMP121,Sage,Perez,Analyst,Core Business Operations,2018-09-01
EMP079,Peyton,Hernandez,Consultant,Core Business Operations,2019-02-19
EMP122,Aiden,Gonzalez,Consultant,Customer and Marketing,2018-09-23
EMP123,Hayden,Wong,Consultant,Human Capital,2016-12-25
EMP082,Alexis,Liu,Analyst,Enterprise Technology & Performance,2022-01-15
EMP083,Blake,Kumar,Partner,Human Capital,2004-12-21
EMP124,Parker,Hernandez,Consultant,Core Business Operations,2021-07-28
EMP098,Sage,Parker,Partner,Customer and Marketing,2012-10-02
EMP126,Dakota,Fujii,Consultant,Strategy & Analytics,2017-09-24
EMP127,Tatum,Parker,Consultant,Human Capital,2014-04-18
EMP088,Parker,Kumar,Consultant,Customer and Marketing,2022-06-10
EMP128,Sage,Gonzalez,Consultant,Customer and Marketing,2022-09-11
EMP129,Sage,Kelly,Analyst,Customer and Marketing,2017-02-10
EMP130,Emerson,Murphy,Analyst,Core Business Operations,2021-08-13
EMP092,Morgan,Singh,Manager,Strategy & Analytics,2021-11-07
EMP131,Blake,Gonzalez,Consultant,Customer and Marketing,2020-05-02
EMP132,Emerson,Patel,Consultant,Strategy & Analytics,2017-09-18
EMP095,Quinn,Choi,Consultant,Enterprise Technology & Performance,2018-05-21
EMP133,Morgan,Perez,Analyst,Core Business Operations,2021-07-10
EMP134,Sage,Kim,Analyst,Strategy & Analytics,2019-03-05
EMP085,Taylor,Hernandez,Partner,Core Business Operations,2009-07-08
EMP099,Rowan,Perez,Consultant,Human Capital,2018-04-24
EMP136,Taylor,Gonzalez,Consultant,Human Capital,2022-06-24